,latitude,longitude
0,42.207493,-8.727826
1,42.217473,-8.727250999999999
2,39.574886,2.6613860000000003
3,52.229013,13.355146
4,51.719433,14.31623
5,43.954613,10.90223
6,43.5524,-5.914061
7,51.13868,-0.164635
8,51.073086,-0.327486
9,51.132966,-0.178505
10,51.09496,-0.255388
11,51.0916,-0.26395100000000005
12,51.132866,-0.178621
13,51.063273,-0.32956
14,51.09736,-0.24197
15,51.10018,-0.213235
16,51.113893,-0.208258
17,51.13286,-0.178241
18,51.097926,-0.227405
19,51.06556,-0.343643
20,51.113646,-0.185508
21,51.073586,-0.326885
22,51.07364000000001,-0.327955
23,51.094653,-0.25523
24,51.241086,-0.18878
25,51.116486,-0.187645
26,51.09192,-0.263651
27,50.8337,-0.286606
28,51.065086,-0.343033
29,51.133013,-0.179368
30,51.06496,-0.34311
31,51.130826,-0.17701
32,52.31286,0.047535
33,52.857373,11.150635
34,52.1289,11.629036
35,52.000701,-0.496015
36,52.024291,-0.6635310000000001
37,46.07635300000001,10.350346
38,41.5378,2.43704
39,41.53102,2.420788
40,41.542406,2.425513
41,41.547706,2.431528
42,41.54292,2.441871
43,41.397413,2.123536
44,41.53568,2.434615
45,41.533433,2.431895
46,41.61468,-4.7841879999999986
47,42.009573,-4.531136
48,41.999866,-4.529671
49,42.01428,-4.540746
50,44.066026,12.259616
51,44.322686,12.335443
52,44.32252,12.335501
53,44.066026,12.259616
54,44.322686,12.335443
55,44.32252,12.335501
56,39.366846,-1.592965
57,39.366846,-1.592965
58,48.153273,11.57806
59,48.086806,11.478183
60,48.356826,11.829441
61,48.13788,11.531271
62,44.530313,4.735941
63,44.935386,4.898396
64,45.46806,7.8625880000000015
65,45.46822,7.862853
66,45.468193,7.863121
67,54.330873,10.057508
68,54.337346,10.154201
69,54.33766,10.087816
70,44.37468,11.723921
71,44.355793,11.725098
72,49.09518,2.756895
73,49.09514,2.757405
74,53.41686,-2.626788
75,50.727753,-1.79112
76,41.62264,0.8948200000000001
77,41.51228,0.864856
78,41.516486,0.870841
79,41.652916,2.267198
80,41.602073,2.2800830000000003
81,41.26646,2.002163
82,51.430115,6.858323
83,51.455295,6.9978630000000015
84,50.80362,6.980451
85,50.91876,6.950286
86,50.918773,6.950842999999999
87,51.48696,9.153155
88,51.49636,9.144776
89,51.49095300000001,9.132026
90,43.088966,12.46677
91,43.50704,12.20096
92,51.45646,6.9046210000000015
93,51.427646,6.936758
94,51.424106,6.86097
95,51.409666,6.8531
96,51.439566,6.957061
97,51.457706,6.883346
98,51.4295,6.8843429999999985
99,51.487726,6.87897
100,51.481166,6.783451
101,51.227446,6.814655
102,51.430066,6.886951
103,51.424713,6.861283
104,51.30998,6.828525
105,51.455873,6.90692
106,54.601613,-3.137201
107,54.601613,-3.137165
108,48.11914,11.42852
109,48.98622,13.294835999999998
110,48.120126,11.63716
111,48.11106,11.611921
112,39.421565,-0.388693
113,39.41782,-0.390193
114,39.500653,-0.44585
115,39.463613,-0.34531
116,51.49122,7.553411
117,51.479966,7.551158
118,51.640813,12.188466
119,51.638926,12.278925
120,50.36806,-4.252915
121,50.364133,-4.298828
122,50.364113,-4.2984550000000015
123,50.37938,-4.216343
124,50.450006,-4.4514010000000015
125,53.54754000000001,10.105278
126,53.54758,10.105773
127,40.149646,-4.420261
128,40.34594,-3.755346
129,40.33454,-3.769268
130,40.33566,-3.76282
131,40.146846,-4.419473
132,40.167913,-4.404815
133,45.102173,7.652073
134,45.102213,7.672695
135,45.097,7.674638000000002
136,45.097633,7.673427999999999
137,45.10224,7.65252
138,45.09794,7.673864999999998
139,45.104193,7.644992999999999
140,49.338653,7.608751
141,49.33345300000001,7.604710000000002
142,49.333026,7.605289999999999
143,49.33238,7.5875080000000015
144,49.211506,7.605175999999998
145,49.193953,7.589571
146,49.339266,7.607788
147,49.32898,7.609425999999999
148,49.1938,7.590348
149,49.32728,7.612564999999999
150,49.197406,7.6271330000000015
151,49.21442,7.59606
152,51.682826,-0.425098
153,43.520306,-1.524311
154,45.941113,8.566456
155,45.9383,8.579825
156,50.72208,11.353755
157,49.93452,11.534328
158,49.93896,11.568621
159,49.934893,11.534091
160,42.649826,11.035905
161,42.785686,11.104385
162,42.7395,11.111106
163,42.749706,11.104565
164,36.841373,-2.449735
165,37.344726,-3.172123
166,36.831846,-2.44563
167,37.355366,-3.161873
168,45.473906,8.623493
169,40.674746,17.378695999999998
170,40.725686,17.293663000000002
171,40.679213,17.392566
172,48.138266,11.625838
173,51.293,1.1029209999999998
174,51.329793,1.41115
175,51.292733,1.1032030000000002
176,51.35664600000001,1.394451
177,51.361566,1.122343
178,51.361513,1.12234
179,49.368706,7.436725
180,49.36804,7.4341300000000015
181,49.366926,7.431918
182,49.33128,7.3393929999999985
183,49.367413,7.433026
184,49.38688,7.460375
185,52.28264,0.330838
186,40.284626,-3.750731
187,40.284546,-3.75038
188,50.53386,6.9183460000000006
189,50.844106,6.905271000000001
190,50.54274,7.144731
191,50.533766,6.918628
192,41.42628,2.187048
193,44.613633,10.877666
194,44.61376,10.877906
195,49.16526,2.8506080000000003
196,49.161513,2.843715
197,49.140186,2.812981
198,49.008266,2.611745
199,49.09806,2.750528
200,49.008046,2.611556
201,49.142293,2.810676
202,48.356266,10.940668
203,50.826746,12.50157
204,50.838533,12.44773
205,50.80314,12.859415
206,50.70114,12.51632
207,50.824366,12.541288
208,41.383006,2.055985
209,41.54188,2.045713
210,41.578753000000006,2.005088
211,41.579173,2.005386
212,40.465326,-3.268671
213,40.46572000000001,-3.268816
214,40.474926,-3.3843980000000005
215,40.46548,-3.268428
216,50.10194,8.925075
217,50.226613,9.041551
218,50.101913,8.925041
219,50.10192,8.925058
220,50.10494,8.895238
221,54.07556,9.977935
222,54.302473,9.675046
223,54.31510600000001,9.676086
224,54.41192,10.13548
225,54.32206,10.142335
226,54.2996,9.672246
227,54.30252,9.675396
228,40.40888,-3.647461
229,40.398373,-3.619328
230,48.830946,2.376376
231,48.822446,2.345213
232,48.82538,2.343321
233,48.822393,2.345621
234,48.822526,2.346176
235,48.829686,2.3561080000000003
236,39.565753,2.981821
237,39.565913,2.9817560000000003
238,39.54313300000001,2.763971
239,50.82719,10.739366
240,51.434773,-1.074728
241,41.862613,1.876948
242,41.7521,1.877901
243,41.8639,1.876558
244,41.86294,1.877663
245,48.84488,9.363166
246,48.83674,9.367353
247,48.82892,9.311113
248,48.6424,9.004616
249,48.84104,9.347893
250,41.544393,2.030595
251,41.454786,2.254246
252,37.377466,-6.0613980000000005
253,37.367893,-6.080635
254,37.36822,-6.080535
255,51.527826,0.007501000000000002
256,51.507,-0.009776
257,51.527866,0.007426
258,51.527773,0.008196
259,51.527886,0.007603
260,51.527806,0.007495999999999998
261,51.482346,-0.062073
262,51.5277,0.007668
263,48.81865300000001,-3.460775
264,48.093266,-1.375055
265,48.08698,-1.7065009999999998
266,49.182806,-0.40206
267,48.091726,-1.375695
268,43.47914,-8.261395
269,43.47912,-8.261436
270,40.32584600000001,-3.888913
271,43.306886,-0.364438
272,43.31298,-0.42703
273,40.4572,17.269523
274,40.454626,17.261256
275,40.461766,17.25585
276,40.410773,17.273096
277,40.4895,17.193246
278,40.489233,17.19407
279,40.489746,17.193179999999998
280,40.4898,17.193466
281,40.458266,17.269953
282,40.44352,17.257832999999998
283,40.489426,17.193036
284,40.489826,17.193143
285,40.459253,17.267383
286,40.48906,17.194326
287,40.45808,17.269226
288,40.460413,17.257713
289,40.45184,17.261383
290,40.458106,17.261073
291,40.472013,17.242383
292,40.460406,17.25745
293,40.4579,17.271079999999998
294,40.410386,17.273993
295,40.46088,17.24906
296,40.45796,17.271983
297,40.451433,17.2621
298,40.45794,17.27543
299,40.40085300000001,17.275336
300,40.4603,17.257082999999998
301,40.410466,17.27319
302,40.40084,17.275426
303,40.489906,17.19284
304,40.47235300000001,17.237566
305,40.41068,17.273163
306,40.436866,17.36519
307,40.451633,17.262393
308,40.70715300000001,17.33628
309,40.451313,17.262326
310,40.470186,17.24942
311,40.489873,17.19298
312,40.455606,17.26475
313,40.472466,17.24148
314,40.489426,17.19365
315,52.651033,1.317553
316,48.79746,2.525353
317,48.798053,2.520793
318,48.797333,2.52511
319,49.47154000000001,8.652918
320,41.07564,1.058981
321,41.134773,1.047291
322,41.08536,1.03706
323,41.07486,1.057943
324,48.82858,2.639678
325,48.85074,2.37577
326,57.062266,-2.1410150000000003
327,43.429226,5.213786
328,43.42936,5.210956
329,41.43038,2.173898
330,41.48574,2.173003
331,50.077566,8.247527999999999
332,49.623866,7.817947999999999
333,40.340455,-3.673616
334,40.350453,-3.674725
335,40.367446,-3.678363
336,40.379673,-3.686186
337,40.40996,-3.721448000000001
338,40.358133,-3.75474
339,40.423713,-3.71042
340,40.383226,-3.683105
341,40.352346,-3.748791
342,40.42066,-3.715765
343,41.41092,2.189651
344,45.08662,7.670871000000001
345,48.797813,8.199997999999999
346,53.581051,8.628117999999999
347,48.32534,8.564606
348,48.314226,8.571876
349,48.304906,8.573155999999999
350,48.34305300000001,8.662525
351,48.327386,8.567210000000001
352,50.883366,10.613898
353,50.873846,10.830173
354,41.51032,2.1161950000000003
355,41.509893,2.118173
356,41.5119,2.122638
357,41.420833,2.020311
358,50.045043,8.190196
359,50.053653,8.301983
360,50.055166,8.307310000000001
361,50.701953,7.054346000000002
362,50.89254,6.968333
363,42.366901,-3.714931
364,42.371426,-3.72231
365,51.21456,11.971293
366,51.215566,11.97189
367,51.21476,11.971928
368,51.216213,11.973591
369,51.178466,12.010005
370,51.214786,11.971841
371,51.214893,11.972181
372,51.215846,11.971853
373,51.21824,11.964166
374,39.655493,-0.227848
375,51.805046,-0.180445
376,51.158266,11.801033
377,52.496933,13.350295999999998
378,50.837906,-0.073656
379,50.836553,-0.077476
380,50.826813,-0.062058
381,50.82692,-0.06209600000000001
382,50.857746,0.587481
383,50.838346,-0.073891
384,50.836626,-0.0773
385,50.826806,-0.062005999999999985
386,51.497233,7.8589259999999985
387,51.497166,7.858683
388,54.28506,13.089036
389,54.49606,13.562263
390,54.30719300000001,13.069373
391,51.574553,-2.2059580000000003
392,51.416213,-0.78977
393,51.292366,-0.791431
394,51.416406,-0.788588
395,51.524566,-0.434751
396,54.857866,-2.880013
397,54.88098000000001,-2.893621
398,54.92525300000001,-2.946445
399,54.86834,-2.93047
400,41.632593,-4.711755
401,41.648886,-5.023635
402,41.649373,-4.7011
403,41.643886,-4.7235580000000015
404,40.50032,-3.693663
405,40.500346,-3.693563
406,40.5006,-3.689565
407,40.481913,-3.703841
408,41.595126,2.266121
409,41.596326,2.266145
410,54.17044,10.050955
411,45.411186,9.111803
412,51.75732100000001,-0.475803
413,40.335821,-3.528935
414,40.403406,-3.655383
415,40.4084,-3.60187
416,40.403833,-3.654595
417,40.40222,-3.653986
418,51.520586,-0.667813
419,51.417966,-0.77537
420,53.44452,-1.344931
421,51.949566,-1.199863
422,51.481613,-0.621171
423,55.024166,-1.45525
424,40.355666,-3.820601
425,40.39052,-3.714556
426,40.37636,-3.667925
427,40.343313,-3.705993
428,43.098673,12.37111
429,43.10576,12.371995
430,43.101226,12.358351
431,43.105393,12.372141
432,43.107846,12.374861
433,51.21747,6.627948
434,51.219193,6.619371000000001
435,50.980386,7.072575
436,54.079251,12.13173
437,54.13054,12.283496
438,41.61328,2.2941830000000003
439,51.520933,0.604546
440,51.522333,0.593921
441,51.521093,0.604588
442,51.520766,0.604961
443,50.762573,10.333278
444,50.58944,10.411576
445,50.716406,10.352608
446,51.891006,-0.5200859999999999
447,51.905466,-0.207368
448,53.369446,-2.764675
449,45.642746,9.129336
450,45.630841,9.155078
451,40.344713,-3.859006
452,40.164106,-3.65783
453,40.314693,-3.858966000000001
454,44.036906,10.108565
455,40.507366,-3.67437
456,40.464166,-3.464711
457,40.507266,-3.674123
458,40.507506,-3.674823
459,40.46332,-3.465825
460,40.465273,-3.45645
461,40.50754600000001,-3.673531
462,49.997573,8.683316
463,50.052606,8.715618
464,50.052533,8.715183
465,49.907826,8.59017
466,51.300133,7.216386
467,51.2801,7.12528
468,51.296906,7.221589999999999
469,51.297,7.221421
470,51.27998,7.125161
471,51.280193,7.124998
472,41.64842,1.140255
473,41.67185300000001,0.607215
474,41.350468,2.145963
475,41.348896,2.145026
476,41.35132,2.137321
477,52.39186,0.12987
478,52.387646,0.124631
479,51.46382,-3.188498
480,51.499413,-3.139391
481,52.069533,1.130978
482,48.858873,8.459853
483,48.946013,8.38531
484,54.12868,9.994641
485,54.10259300000001,9.973883
486,54.128886,9.989811
487,54.12694000000001,9.994696
488,54.10198000000001,9.975011
489,41.573055,2.033451
490,41.53924,2.07992
491,41.5411,2.075966
492,41.552186,2.026096
493,55.90740600000001,-3.150783
494,55.9074,-3.1512830000000003
495,41.335443,2.043905
496,41.344271,2.028581
497,41.34464000000001,2.03045
498,41.335286,2.034805
499,41.337066,2.035113
500,41.34772,2.023748
501,41.336213,2.0346580000000003
502,41.334853,2.037543
503,49.99896,8.257703
504,49.99955300000001,8.429933
505,49.99442,8.436217999999998
506,49.926733,8.404591
507,45.74088,7.412228
508,45.73968,7.352695
509,45.745606,7.390558
510,45.74538,7.3908179999999986
511,45.738493,7.341589999999999
512,45.745693,7.390946
513,45.73968,7.346698
514,45.732693,7.298041
515,45.79156,6.971586
516,45.740153,7.39611
517,45.740786,7.412703
518,49.8771,2.368478
519,49.8771,2.368713
520,49.88594000000001,2.318645
521,49.864553,2.376548
522,49.873866,2.246905
523,49.87688,2.3687080000000003
524,51.418206,6.703958
525,51.418226,6.704173
526,43.863966,11.096691
527,43.864233,11.096443
528,42.063686,2.273906
529,41.986533,2.314131
530,40.4751,0.475148
531,40.474853,0.47569
532,40.421153,0.428836
533,40.421113,0.428028
534,40.421533,0.427866
535,52.633673,-2.03166
536,52.6348,-2.033348
537,41.160993,1.09598
538,41.116926,1.239575
539,41.155593,1.08827
540,41.15558,1.087895
541,41.155593,1.08831
542,41.162873,1.092285
543,41.142726,1.112688
544,41.15556,1.087973
545,41.155566,1.08794
546,41.776486,1.865961
547,52.66590600000001,13.272011
548,50.796986,-0.6339560000000001
549,50.797006,-0.634031
550,57.58824,-2.193373
551,48.219366,6.436918
552,48.197653,6.479571
553,44.594886,10.697558
554,41.611506,2.238661
555,41.56712,2.2227080000000004
556,41.566566,2.222745
557,41.428286,2.228145
558,41.529646,2.222858
559,41.564726,2.22555
560,41.59435300000001,2.264925
561,41.56684600000001,2.222466
562,41.53576,2.1955880000000003
563,41.573966,2.2334
564,51.8052,12.23507
565,53.526193000000006,12.470735
566,48.155946,9.497946
567,48.27162,9.728655
568,51.52276,7.457300999999998
569,51.511713,7.477005
570,51.53776,7.317568
571,48.142665,11.422655
572,48.150858,11.45649
573,48.089366,11.483045
574,48.186806,11.575076
575,48.182093,11.574891
576,42.211526,-8.748225
577,42.15965300000001,-8.620517999999999
578,42.161906,-8.619916
579,42.211713,-8.749066000000001
580,42.21126,-8.747733
581,42.231926,-8.703113
582,45.61449,9.233593
583,47.132273,-1.288401
584,41.64516,-0.983635
585,41.630353,-0.909356
586,41.64002,-0.954853
587,41.645086,-0.983125
588,41.64506,-0.98333
589,41.64506,-0.983463
590,41.652906,-0.922091
591,41.651406,-0.884208
592,41.645306,-0.983378
593,40.9011,16.844698
594,40.89286,16.849743
595,40.909886,16.851255
596,41.653253,2.743578
597,41.65346,2.7441310000000003
598,51.46035300000001,6.6302460000000005
599,44.018858,1.3597780000000002
600,44.02946,1.369381
601,44.02946,1.369176
602,43.770686,1.366883
603,44.03082,1.370166
604,53.86662,11.682275
605,50.84206,-0.290516
606,50.841626,-0.293185
607,48.761513,11.396735
608,48.783406,11.382293
609,37.957453,-1.093073
610,37.960513,-1.095406
611,37.975693,-1.1237629999999998
612,41.549513,2.03041
613,41.555633,2.01481
614,41.56928,1.996426
615,41.549566,2.030665
616,41.54694,2.01665
617,43.941086,-0.438211
618,48.843093,2.384798
619,48.471393,8.410148
620,48.619813,9.838036
621,50.138226,11.24674
622,50.34276,11.156803
623,50.185793,11.279168
624,38.26976,-0.6829
625,51.670161,-0.33287
626,51.66014000000001,-0.285743
627,42.623336,2.99598
628,42.62096500000001,2.997758
629,42.671436,2.894928
630,42.672186,2.895218
631,48.512806,9.05426
632,48.718193,9.40501
633,48.533173,9.081723
634,48.51334,9.070041
635,57.4803,-4.177843
636,57.46164,-4.200771
637,51.192246,14.445861
638,51.18168,14.423032999999998
639,51.18238,14.422857999999998
640,51.177346,14.458455
641,51.16262,14.426061
642,41.471026,1.985328
643,43.79286,11.20783
644,43.777313,11.191853
645,43.85494600000001,11.16651
646,43.7956,11.21108
647,55.878146,-4.377886
648,51.182966,-0.707158
649,48.410586,7.887346000000001
650,48.404193,7.93271
651,48.39918,7.937385000000001
652,48.404033,7.933014999999998
653,48.462493,7.941345
654,50.175865,9.006565
655,50.1466,8.931465
656,48.111626,8.498156
657,48.11192,8.499221
658,48.063693,8.499733
659,40.93416,-3.469536
660,40.456313,-3.7851
661,40.468173,-3.569898
662,40.511373,-3.362916
663,45.513706,9.322986
664,45.04118,7.676655
665,45.10712,7.704718
666,37.132066,-6.488593
667,40.291086,-4.58548
668,40.29298,-4.579401
669,42.196646,-8.778008
670,47.201413,-1.6684709999999998
671,47.222613,-1.625055
672,51.41784000000001,-0.7759699999999999
673,41.352686,1.7074080000000005
674,41.433286,1.765718
675,41.941106,2.253261
676,49.31534600000001,8.577976
677,53.52172,-1.3951129999999998
678,53.521686,-1.39499
679,51.75016,-1.5929799999999998
680,48.253126,12.518946
681,48.253553,12.519365
682,40.353506,0.394581
683,38.35728,-0.4859310000000001
684,38.35604,-0.486873
685,38.35456,-0.487513
686,38.37606,-0.421995
687,53.592315,10.136606
688,53.615203,10.242368
689,53.615286,10.22115
690,53.62506,10.086613
691,53.598486,10.154013
692,53.60514000000001,10.159928
693,53.59842,10.15414
694,53.624073,10.086596
695,53.62504000000001,10.088475
696,53.578586,10.149906
697,53.598673,10.154341
698,53.58336,10.139336
699,53.618833,10.231901
700,53.598533,10.154
701,53.619,10.232033
702,53.61884000000001,10.231916
703,53.62552,10.08852
704,53.61876,10.232773
705,53.598346,10.154096
706,53.592315,10.136606
707,53.615203,10.242368
708,53.615286,10.22115
709,53.62506,10.086613
710,53.598486,10.154013
711,53.60514000000001,10.159928
712,53.59842,10.15414
713,53.624073,10.086596
714,53.62504000000001,10.088475
715,53.578586,10.149906
716,53.598673,10.154341
717,53.58336,10.139336
718,53.618833,10.231901
719,53.598533,10.154
720,53.619,10.232033
721,53.61884000000001,10.231916
722,53.62552,10.08852
723,53.61876,10.232773
724,53.598346,10.154096
725,53.592315,10.136606
726,53.615203,10.242368
727,53.615286,10.22115
728,53.62506,10.086613
729,53.598486,10.154013
730,53.60514000000001,10.159928
731,53.59842,10.15414
732,53.624073,10.086596
733,53.62504000000001,10.088475
734,53.578586,10.149906
735,53.598673,10.154341
736,53.58336,10.139336
737,53.618833,10.231901
738,53.598533,10.154
739,53.619,10.232033
740,53.61884000000001,10.231916
741,53.62552,10.08852
742,53.61876,10.232773
743,53.598346,10.154096
744,53.592315,10.136606
745,53.615203,10.242368
746,53.615286,10.22115
747,53.62506,10.086613
748,53.598486,10.154013
749,53.60514000000001,10.159928
750,53.59842,10.15414
751,53.624073,10.086596
752,53.62504000000001,10.088475
753,53.578586,10.149906
754,53.598673,10.154341
755,53.58336,10.139336
756,53.618833,10.231901
757,53.598533,10.154
758,53.619,10.232033
759,53.61884000000001,10.231916
760,53.62552,10.08852
761,53.61876,10.232773
762,53.598346,10.154096
763,53.592315,10.136606
764,53.615203,10.242368
765,53.615286,10.22115
766,53.62506,10.086613
767,53.598486,10.154013
768,53.60514000000001,10.159928
769,53.59842,10.15414
770,53.624073,10.086596
771,53.62504000000001,10.088475
772,53.578586,10.149906
773,53.598673,10.154341
774,53.58336,10.139336
775,53.618833,10.231901
776,53.598533,10.154
777,53.619,10.232033
778,53.61884000000001,10.231916
779,53.62552,10.08852
780,53.61876,10.232773
781,53.598346,10.154096
782,55.145366,-1.586883
783,55.16099300000001,-1.6001450000000002
784,55.159746,-1.600671
785,55.160926,-1.600223
786,55.12474,-1.520665
787,55.160766,-1.600646
788,55.16094,-1.6002809999999998
789,55.160846,-1.600378
790,55.14520600000001,-1.58703
791,55.178986,-1.561771
792,50.089226,8.64361
793,50.10172,8.57995
794,51.275186,7.451016
795,51.37505,7.455845
796,51.35185300000001,7.479901
797,54.083713,9.458823
798,36.720106,-4.406455
799,36.771053,-4.38616
800,41.622393,-0.953495
801,41.641986,-0.8655129999999999
802,41.641286,-0.8633059999999999
803,41.62582,-0.955803
804,41.634906,-0.862656
805,39.567873,2.421236
806,46.176153,8.81592
807,46.174886,8.856163
808,40.511845,-3.700148
809,40.488866,-3.740516
810,40.49704000000001,-3.712398
811,40.411913,-3.728671
812,39.99316,-0.043185
813,39.976413,-0.037445
814,39.978113,-0.037201
815,40.00352,-0.063715
816,40.04448,-0.151345
817,50.75332,9.277881
818,50.670993,9.262691
819,50.752913,9.277825
820,42.867873,-5.3216730000000005
821,43.22538,-2.880686
822,51.153953,-0.15357300000000002
823,48.780668,11.769135
824,52.220273,8.712326
825,52.203193,8.582614999999999
826,49.440226,6.871188
827,53.617013,7.162610000000001
828,53.03211999999999,8.833256
829,51.822726,6.614171000000002
830,51.83724,6.595714999999998
831,41.54608,2.025865
832,41.52306,2.034195
833,41.372613,2.142123
834,41.523053,2.0342580000000003
835,41.55886,2.08013
836,50.915893,6.128915
837,50.973773,6.115138
838,50.924386,6.112901
839,50.915586,6.1311480000000005
840,50.915553,6.131275
841,50.98098,6.118971
842,50.915693,6.130798
843,50.9157,6.1309010000000015
844,50.973933,6.115026
845,51.04736,6.1530559999999985
846,50.915706,6.130938
847,50.915693,6.130965
848,50.91572,6.13088
849,50.973526,6.115336
850,50.915673,6.130843
851,50.915626,6.1311860000000005
852,50.91568,6.130648000000001
853,50.915666,6.130816
854,50.914873,6.0522800000000005
855,50.898553,5.9440610000000005
856,50.915846,6.1306699999999985
857,50.9737,6.115126
858,52.652426,1.292825
859,50.820746,6.896076
860,40.455213,-3.726988
861,43.565553,6.9881660000000005
862,43.642966,6.975826
863,40.284373,-3.799485
864,40.367566,-3.7094
865,40.29926,-3.899955
866,40.368966,-3.713396
867,40.30366,-3.901265
868,45.435365,8.262038
869,45.364853,8.172842999999999
870,51.787753,6.009481
871,51.790306,6.012841000000001
872,51.77512,6.054615
873,51.413166,0.789155
874,54.974433,-1.618056
875,43.385573,5.3487800000000005
876,43.390526,5.313351
877,52.3666,14.034057999999998
878,50.3544,11.176446
879,50.33868,11.180805
880,37.380413,-6.161205000000002
881,37.437573,-5.862506
882,37.3329,-6.135483
883,37.437646,-5.862446
884,37.380386,-6.161691
885,37.380626,-6.161912999999998
886,45.054546,7.672238
887,52.098646,0.784708
888,45.589226,9.276075
889,45.45196,9.157286
890,45.4523,9.156055
891,45.453353,9.157626
892,45.147626,9.997946
893,40.53267,-3.639851
894,40.729643,-3.580986
895,40.69498,-3.585261
896,40.69512,-3.5851800000000003
897,42.77278,2.91132
898,41.609441,-0.883016
899,41.662686,-1.061303
900,50.64742,11.977035
901,50.864966,12.083103
902,47.30406,-1.506398
903,41.39152,2.041568
904,41.33074600000001,2.129818
905,41.381626,2.121295
906,51.03898,0.03075
907,51.133926,0.011181
908,41.75136,1.862756
909,47.986545,0.210218
910,47.94964,0.231006
911,48.010406,0.182675
912,48.01058,0.182205
913,48.011766,0.18838
914,48.01018,0.182841
915,47.934886,0.18721
916,51.645306,-0.057528
917,51.723733,0.16985999999999998
918,44.25915300000001,12.026501
919,44.261326,12.02539
920,40.3927,-3.655041
921,40.450546,-3.648941
922,40.42116,-3.793231
923,47.560073,7.783975
924,41.389726,2.108161
925,41.39298,2.2038580000000003
926,41.411586,2.1650810000000003
927,41.407586,2.150291
928,41.40856,2.152063
929,49.803686,11.730698
930,52.51716800000001,13.58922
931,52.54628,13.597335
932,51.318553,6.199433
933,50.308826,11.282575
934,50.43878,11.161491
935,48.178013,-2.741726
936,50.139493,8.50649
937,41.649258,-0.898493
938,41.64445,-0.901678
939,41.646686,-0.907306
940,42.458133,-6.084498
941,41.563386,2.078891
942,41.505026,2.11432
943,41.50348,2.114718
944,41.565633,2.084318
945,41.486466,2.052766
946,41.486733,2.06758
947,41.4934,2.0996330000000003
948,53.58308,-2.422785
949,41.647373,-0.8923559999999999
950,41.661693,-0.90807
951,50.36176,7.575396
952,45.130713,7.62967
953,44.378233,7.534206
954,44.422453,7.710611
955,44.376506,7.534758
956,38.28226,-0.714735
957,38.37784600000001,-0.488068
958,38.27404600000001,-0.714136
959,38.265206,-0.697076
960,47.988246,10.171061
961,52.474673,-2.171885
962,52.51880600000001,-2.111693
963,52.518813,-2.111526
964,52.518913,-2.111643
965,52.484806000000006,-2.115586
966,50.800406,12.95361
967,50.819806,12.957881
968,50.36158,11.172445
969,50.354313,11.165075
970,50.860433,0.461166
971,50.860426,0.461431
972,50.847973,0.458275
973,50.891666,11.57578
974,42.49362,14.174816
975,42.499286,14.154618
976,52.383035,14.051279999999998
977,52.36554,14.048968
978,52.428933,14.035803
979,53.900525,14.054125
980,45.42968,9.314456
981,45.400306,9.322383
982,46.38626,6.512296
983,46.3868,6.512268
984,46.38686,6.511983
985,51.367773,12.459353
986,51.410106,12.293245
987,51.410106,12.293093
988,51.409986,12.293356
989,52.008586,11.729338
990,50.346686,11.206073
991,50.423626,10.710996000000002
992,50.960946,10.995105
993,50.357013,11.182031
994,50.24354,11.321376
995,50.365013,11.139935
996,41.533586,2.439643
997,53.01756500000001,9.063933
998,53.009366,9.060723
999,46.140186,-1.164615
1000,47.938453,-2.406356
1001,40.649773,-4.6996400000000005
1002,45.383706,3.318675
1003,42.860033,-2.678018
1004,42.866213,-2.684621
1005,43.10012,12.308396
1006,41.801373,12.453708
1007,42.907046,12.340883
1008,41.79328,12.49422
1009,41.79472,12.480676
1010,37.606826,-0.973596
1011,53.15288,-0.204173
1012,53.7914,-2.246076
1013,53.783413,-3.001848
1014,53.85446,-2.18721
1015,53.850046,-2.201325
1016,53.84630600000001,-2.221651
1017,53.828946,-2.275735
1018,51.184186,12.304181
1019,51.560113,13.000221
1020,51.332513,12.367995
1021,50.228066,11.062045
1022,50.37204600000001,11.17481
1023,43.460406,2.539301
1024,52.6716,1.371538
1025,49.40888,6.903731
1026,57.679966,-2.688226
1027,50.822626,6.977545
1028,50.818286,6.974953
1029,50.818366,6.967789999999999
1030,45.782266,11.020416
1031,54.557073,-1.273595
1032,54.562206,-1.177216
1033,54.557,-1.273641
1034,54.689446,-1.226683
1035,54.57024000000001,-1.211631
1036,54.57759300000001,-1.243103
1037,54.557046,-1.273575
1038,38.820445,0.017193
1039,48.626333,2.426333
1040,48.71358,2.396623
1041,41.4149,2.108368
1042,41.415793,2.110466
1043,44.127513,9.93881
1044,52.54922,13.454541
1045,41.333933,2.055561
1046,41.387893,2.170096
1047,41.2891,2.072755
1048,41.35274,2.140353
1049,41.352606,2.140088
1050,41.266993,1.972236
1051,41.269566,1.972528
1052,41.294606,2.008583
1053,44.106258,9.861278
1054,44.110568,9.833831
1055,44.088113,9.889115
1056,44.1105,9.832595
1057,44.0881,9.888901
1058,44.110293,9.83268
1059,44.119286,9.831073
1060,44.118913,9.84149
1061,44.13746,9.915978
1062,44.08814,9.889048
1063,44.11522,9.84043
1064,44.1216,9.850725
1065,44.121386,9.850953
1066,44.117433,9.823476
1067,44.110333,9.832761
1068,43.71048,10.414863
1069,40.28758,-3.691068
1070,40.183806,-3.688091000000001
1071,40.35196,-3.675625
1072,40.37886,-3.687591
1073,41.61832,0.401868
1074,48.811286,2.345591
1075,48.909893,2.5129330000000003
1076,48.871353000000006,2.335655
1077,46.000593,8.652965
1078,38.38118,-0.7638159999999999
1079,55.913633,-3.14525
1080,42.836496,-1.638031
1081,42.769753,-1.661196
1082,42.834993,-1.638195
1083,42.76984,-1.631478
1084,42.83522,-1.638061
1085,54.55784,-1.31321
1086,40.461346,-3.46144
1087,40.49444,-3.347961
1088,40.447746,-3.4809910000000004
1089,40.4937,-3.348288
1090,40.46164,-3.484596
1091,40.494513,-3.347888
1092,51.217066,7.653416
1093,49.85991,9.081215
1094,41.629726,1.007031
1095,51.421873,-0.741498
1096,51.421573,-0.74119
1097,51.4423,-0.931408
1098,51.41442,-0.752433
1099,49.055066,8.368838
1100,49.06704000000001,8.47259
1101,49.009986,8.347941
1102,49.009446,8.347411
1103,49.064053,8.387497999999999
1104,41.666226,-0.86419
1105,41.648386,-0.8776079999999999
1106,41.648073,-0.8778530000000001
1107,51.304946,-0.404928
1108,51.33694600000001,-0.265571
1109,51.337353,-0.265736
1110,51.38102,-0.282803
1111,51.406086,-0.295216
1112,40.689586,17.296933
1113,40.689646,17.296955999999998
1114,40.45438,17.37968
1115,40.700926,17.330803
1116,40.707873,17.33812
1117,40.704006,17.329
1118,40.486866,17.227753
1119,53.325613,-0.939668
1120,53.51542,-1.102001
1121,41.8728,12.465451
1122,51.354273,11.992471
1123,51.31948,11.9513
1124,44.4907,11.389375
1125,44.475786,11.36352
1126,44.47634,11.372845
1127,44.479633,11.371276
1128,37.391425,-5.972951
1129,37.37846,-6.028903
1130,37.401553,-5.965541
1131,37.388766,-6.030485
1132,37.384546,-6.050496
1133,51.212533,7.240308
1134,51.144026,7.235633
1135,51.14524,7.228946
1136,51.140706,7.216471
1137,51.14414,7.235505
1138,40.41905300000001,-3.696946
1139,40.42714,-3.694815
1140,40.419273,-3.694335
1141,40.556406,-3.619266000000001
1142,40.55674000000001,-3.619225
1143,50.772773,7.197660000000001
1144,50.782086,7.200625
1145,50.782586,7.201039999999999
1146,52.41084,12.546
1147,52.404506,12.499861
1148,52.40598,12.568476
1149,49.010125,12.099185
1150,49.829288,10.767263
1151,49.196573,12.267466
1152,49.19652,12.267025
1153,49.20044,12.253333
1154,49.19642,12.267278
1155,49.200193,12.253506
1156,49.898513,10.900623
1157,49.41586,4.28342
1158,49.19238,7.599195
1159,49.192686,7.604597999999998
1160,49.319613,7.713700999999999
1161,49.185826,7.604735000000002
1162,45.276353,11.376053
1163,45.276506,11.376063
1164,45.320846,11.369728
1165,53.751578,-0.360791
1166,53.76600000000001,-0.398421
1167,53.765953,-0.398466
1168,53.766086,-0.398448
1169,53.766053,-0.398453
1170,53.840886,-0.39888
1171,53.76614,-0.39868
1172,41.185973,1.459235
1173,41.18588,1.4595049999999998
1174,41.18246,1.4544860000000002
1175,49.108493,6.9817649999999984
1176,51.610226,-0.5631109999999999
1177,38.868595,-1.104193
1178,38.86953,-1.1037
1179,38.870926,-1.107098
1180,38.871206,-1.107176
1181,38.86518,-1.096148
1182,38.87444,-1.104975
1183,38.86476,-1.095548
1184,38.871213,-1.107583
1185,38.87124,-1.107145
1186,38.864773,-1.096016
1187,38.865026,-1.096118
1188,38.86482,-1.095923
1189,38.865006,-1.09721
1190,38.865226,-1.096135
1191,38.864246,-1.0960530000000002
1192,38.871106,-1.10713
1193,38.865166,-1.0962610000000002
1194,38.865526,-1.096415
1195,38.864846,-1.095765
1196,38.864873,-1.095881
1197,38.86564600000001,-1.096815
1198,38.864973,-1.09656
1199,38.87475300000001,-1.10477
1200,38.8651,-1.095928
1201,38.864906,-1.096136
1202,38.86882,-1.0919709999999998
1203,38.86784,-1.102638
1204,38.865,-1.096163
1205,38.86542,-1.096368
1206,38.865106,-1.096136
1207,38.87072,-1.107108
1208,38.86504,-1.095975
1209,38.864993,-1.095961
1210,38.875466,-1.104553
1211,38.865026,-1.0962
1212,38.86248,-1.096466
1213,38.873233,-1.106878
1214,38.876066,-1.10841
1215,38.87592,-1.09615
1216,38.865053,-1.095958
1217,38.86534,-1.096315
1218,38.8653,-1.096235
1219,38.865013,-1.096093
1220,38.864226,-1.096623
1221,38.865106,-1.096056
1222,38.865053,-1.096063
1223,38.865086,-1.095801
1224,38.86992,-1.089248
1225,38.874393,-1.104648
1226,38.8644,-1.096463
1227,38.870853,-1.1070209999999998
1228,38.877446,-1.096936
1229,38.865106,-1.096233
1230,38.8744,-1.104293
1231,38.865253,-1.096541
1232,38.865473,-1.0966049999999998
1233,38.865206,-1.096215
1234,38.864953,-1.095875
1235,38.86214,-1.096066
1236,38.865113,-1.096081
1237,38.864846,-1.09586
1238,38.87442,-1.104941
1239,38.867313,-1.0950950000000002
1240,38.865273,-1.096095
1241,38.865206,-1.09605
1242,38.871906,-1.107403
1243,38.86486,-1.095716
1244,38.864373,-1.095391
1245,38.86674,-1.091955
1246,38.864913,-1.096078
1247,38.8643,-1.095298
1248,38.865026,-1.09601
1249,38.873393,-1.10777
1250,38.86474000000001,-1.095605
1251,38.864173,-1.095021
1252,38.875706,-1.108443
1253,38.864986,-1.09595
1254,38.866966,-1.094716
1255,38.874446,-1.103868
1256,38.865206,-1.096383
1257,38.865146,-1.096226
1258,38.86494,-1.095691
1259,38.867793,-1.096968
1260,38.870126,-1.090016
1261,48.064875,8.486275
1262,48.063031,8.50105
1263,48.062955,8.512665
1264,48.06245300000001,8.488931
1265,48.062503,8.501358
1266,48.063198,8.486536
1267,48.06235,8.499538000000001
1268,48.062373,8.487186
1269,48.063208,8.486514999999999
1270,48.06652800000001,8.498388
1271,48.06228,8.50028
1272,48.065413,8.500133
1273,48.062448,8.486792999999999
1274,48.03231,8.529975
1275,44.785133,10.368146
1276,44.90698,10.476356
1277,44.91964,10.439808
1278,44.919886,10.439851
1279,50.28702,-3.779808
1280,50.107293,8.749406
1281,50.1082,8.73152
1282,50.137746,8.743103
1283,47.9654,-4.145703
1284,51.9559,1.341166
1285,48.819286,2.372958
1286,41.880306,12.529225
1287,40.435393,-3.637101
1288,37.157813,-3.58866
1289,40.525386,-3.887383
1290,53.65249300000001,13.12101
1291,53.71880600000001,12.910155
1292,52.274298,9.847525
1293,51.076333,6.060131
1294,50.956533,6.042363
1295,50.95532,6.047668
1296,51.073273,6.019993
1297,51.00586,6.53969
1298,50.992546,6.57102
1299,50.992413,6.571141000000001
1300,50.99238,6.571136
1301,51.006053,6.539619999999998
1302,50.956606,6.598160000000001
1303,50.691013,6.647722999999999
1304,51.00604600000001,6.539615
1305,40.499513,-3.673618
1306,55.867726,-4.390328
1307,55.834353,-4.284441
1308,48.395166,10.898611
1309,48.389666,10.903988
1310,48.391593,10.902053
1311,48.386246,10.906945
1312,48.38668,10.908801
1313,48.386113,10.907225
1314,48.39162,10.902241
1315,48.39166,10.90199
1316,48.385953,10.907303
1317,48.394,10.899491
1318,48.363833,10.899821
1319,48.386146,10.90724
1320,48.386986,10.906225
1321,48.388906,10.910206
1322,48.385853,10.907396
1323,48.385706,10.907571
1324,48.385913,10.907343
1325,48.398086,10.934841
1326,48.387006,10.906205
1327,48.389,10.904428
1328,48.398453,10.896061
1329,48.390346,10.90228
1330,48.385853,10.907488
1331,48.378173,10.933515
1332,48.386826,10.90591
1333,48.385886,10.907346
1334,48.387606,10.90581
1335,48.385986,10.907356
1336,48.385853,10.907378
1337,48.37932,10.911556
1338,48.386326,10.907196
1339,48.388486,10.910096
1340,48.386133,10.907225
1341,48.389726,10.903916
1342,48.389673,10.9037
1343,48.390226,10.91136
1344,55.94356,-2.905261
1345,55.94358,-2.905553
1346,51.343966,12.421025
1347,41.508413,2.400055
1348,48.460806,2.611465
1349,48.26428,2.718501
1350,40.33968,-3.759763
1351,50.344753,11.126776
1352,50.358973,11.162391
1353,41.51656,2.38362
1354,44.227493,12.212461
1355,53.551886,10.046365
1356,53.930533,10.283753
1357,51.771905,7.458716000000001
1358,51.510993,7.512786
1359,51.51088,7.518998
1360,40.34442,-3.870755
1361,48.64748,2.310055
1362,51.414235,7.6936149999999985
1363,51.41529600000001,7.698225
1364,51.376326,7.703231
1365,51.42264,7.6996850000000014
1366,51.630346,-0.722741
1367,51.638966,-0.731845
1368,48.750958,2.067775
1369,48.82258,2.271161
1370,48.757406,2.075198
1371,48.75862,1.920475
1372,48.75754600000001,2.075496
1373,49.36134600000001,0.864051
1374,52.652348,-0.425921
1375,50.895606,12.791608
1376,50.783853,12.894331
1377,50.812466,12.958846
1378,50.89568,12.791636
1379,50.895566,12.791601
1380,50.7982,12.93365
1381,50.895566,12.792173
1382,49.89322,10.923018
1383,49.923486,10.895858
1384,52.091746,-0.29946300000000003
1385,52.072713,-0.290655
1386,41.69064,2.2831810000000003
1387,52.53629300000001,13.747596
1388,52.318606,13.442046
1389,52.364533,13.394228
1390,52.327293,13.41771
1391,52.36444,13.394093
1392,45.74324,4.8395730000000015
1393,51.294026,1.103178
1394,51.254733,0.995981
1395,41.408986,2.2107330000000003
1396,41.432153,2.214581
1397,42.8596,13.709295
1398,50.973206,6.590089999999999
1399,50.806813,12.581188
1400,50.80852,12.582101
1401,50.808746,12.58216
1402,50.813113,12.575126
1403,50.80866,12.582076
1404,50.787453,12.616285
1405,50.808673,12.582051
1406,50.808786,12.581493
1407,50.808753,12.582143
1408,48.698448,2.372005
1409,48.67202,2.337935
1410,48.67202,2.33795
1411,50.328426,1.566895
1412,48.695973,2.367008
1413,50.899973,8.03006
1414,50.887653,8.027273
1415,42.058246,12.592245
1416,44.640893,10.91868
1417,41.850693,12.456806
1418,41.81866,12.47567
1419,41.553693,2.007698
1420,41.473146,2.034138
1421,52.3634,14.524201
1422,52.35628,14.531895
1423,52.33444,14.541706
1424,52.357153,14.531838
1425,52.334873,14.541585
1426,52.35708,14.532265
1427,50.0577,8.291822999999999
1428,50.059193,8.259385
1429,50.05826,8.302135
1430,47.847053,7.69936
1431,41.872906,12.480106
1432,41.718646,12.308853
1433,51.147925,14.947088
1434,51.116553,14.643517999999998
1435,51.15004,14.985016
1436,51.109986,14.58547
1437,51.092813,14.672606
1438,47.844053,8.539418
1439,47.843166,8.526116
1440,53.484993,-2.231968
1441,39.955626,-0.105976
1442,39.95574000000001,-0.106123
1443,39.931,-0.105436
1444,39.9309,-0.109783
1445,39.955526,-0.105953
1446,40.78898,0.52245
1447,39.93504,-0.109175
1448,39.92682,-0.11238
1449,40.552686,-3.455063
1450,40.545213,-3.459061
1451,51.237816,-0.576843
1452,51.542993,-0.489768
1453,51.23756,-0.5750649999999999
1454,51.293426,-0.755285
1455,51.248773,-0.600128
1456,50.516693,-3.623658
1457,50.5379,-3.64845
1458,50.53456,-3.602966
1459,50.537953,-3.648406
1460,50.536886,-3.618125
1461,50.537806,-3.648403
1462,50.537906,-3.648038
1463,50.537866,-3.648455
1464,52.100676,11.784478
1465,52.053913,11.968541
1466,52.054206,11.968495
1467,40.445393,-3.5836410000000005
1468,40.426913,-3.55125
1469,40.983113,-5.666151
1470,40.97332,-5.662438
1471,40.973253,-5.6675309999999985
1472,45.137566,10.021778
1473,45.168246,10.077181
1474,49.697601,8.861725999999997
1475,41.741033,1.846171
1476,41.74092,1.846253
1477,52.41548,-1.850836
1478,49.870606,8.917143
1479,51.89373300000001,8.41207
1480,54.31590600000001,10.125628
1481,52.153553,11.618326
1482,52.307633,11.060535
1483,48.133773,-1.45001
1484,44.283226,8.427688
1485,44.31102,8.471639999999999
1486,46.323033,6.271418
1487,46.304226,6.302093
1488,46.32326,6.27075
1489,46.32304,6.271186
1490,43.71678,10.40375
1491,51.77972000000001,14.079481
1492,44.135145,12.250341
1493,52.524386,-1.530746
1494,52.6118,-1.687931
1495,52.60129300000001,-1.6745709999999998
1496,52.59062,-1.7801049999999998
1497,52.611753,-1.687145
1498,52.61184,-1.687155
1499,52.61176,-1.673835
1500,45.063216,7.636081
1501,45.100566,7.641953
1502,45.01198,7.621358
1503,45.10008,7.642175999999999
1504,45.10044,7.641731
1505,45.0119,7.621303
1506,45.20796,7.782839999999998
1507,45.45178,9.18418
1508,45.362266,9.218581
1509,45.39726,9.26148
1510,57.156073,-2.13106
1511,55.9383,-3.222755
1512,55.96165300000001,-3.198016
1513,44.042435,12.571801
1514,44.089393,12.514098
1515,44.03594,12.587183
1516,44.050966,12.572603
1517,44.04428,12.574268
1518,44.06208,12.57036
1519,44.044106,12.573998
1520,44.05045300000001,12.57379
1521,44.052593,12.573905
1522,44.0444,12.57491
1523,44.062193,12.569875
1524,44.043666,12.573388
1525,44.04394,12.57552
1526,44.040073,12.58799
1527,44.062386,12.569173
1528,44.06036,12.567398
1529,47.43202,19.262453
1530,52.547608,13.429203
1531,52.511061,13.452031
1532,52.528806,13.238283
1533,52.51075600000001,13.452085
1534,52.544013,13.440129999999998
1535,52.54414000000001,13.440176
1536,52.538026,13.189520000000002
1537,52.415733,13.166271
1538,41.819553000000006,2.519188
1539,41.819813,2.516853
1540,41.818626,2.520485
1541,41.81054,2.531696
1542,41.93765300000001,2.245098
1543,41.93746,2.253023
1544,41.937606,2.253283
1545,41.876573,2.516048
1546,41.819593,2.519185
1547,41.972813,2.81769
1548,41.81592,2.515521
1549,41.818773,2.519158
1550,49.896726,7.924633
1551,50.024386,8.694255
1552,49.964173,8.638886
1553,49.964353,8.6392
1554,45.999693,4.752315
1555,40.434785,-3.798133
1556,37.1048,-8.674503
1557,40.330113,-3.842481
1558,40.43875300000001,-3.789728
1559,40.351666,-3.816828
1560,40.45542,-3.867598000000001
1561,40.452646,-3.673256
1562,39.946553,-0.087225
1563,50.853873,6.640600999999998
1564,50.853946,6.640631
1565,50.900226,6.683371000000001
1566,53.513303,10.091128
1567,53.514061,10.092281
1568,53.5118,10.093143
1569,50.798886,-1.089371
1570,41.830886,12.493331
1571,41.933046,12.591871
1572,41.946126,12.527205
1573,45.957633,10.31122
1574,45.889073,10.189591
1575,38.593991,-0.672898
1576,38.594293,-0.669705
1577,38.594626,-0.6648
1578,38.594613,-0.675393
1579,38.6018,-0.671366
1580,38.59488,-0.664856
1581,38.626973,-0.673445
1582,49.296583,6.165306
1583,49.14848,6.173865
1584,49.501746,-1.454981
1585,48.38362,-4.522563
1586,49.17912000000001,6.10615
1587,51.41679,6.692156
1588,51.415846,6.697225
1589,51.419786,6.668266
1590,51.419693,6.668506
1591,51.419773,6.668225
1592,51.431926,6.757031
1593,50.912825,-1.390251
1594,50.916236,-1.316358
1595,50.919451,-1.308078
1596,50.916385,-1.316031
1597,50.917243,-1.32102
1598,50.917375,-1.314018
1599,50.918835,-1.30728
1600,50.917965,-1.313865
1601,50.917733,-1.318273
1602,50.919361,-1.307858
1603,50.917071,-1.321708
1604,50.917696,-1.374356
1605,50.919255,-1.316701
1606,50.919403,-1.307851
1607,50.91324,-1.391263
1608,50.91882,-1.307936
1609,45.736526,9.58288
1610,52.264653,11.894036
1611,52.27718,11.86062
1612,52.264706,11.894216
1613,52.277113,11.861055
1614,50.80354000000001,6.386321
1615,43.254066,5.405538
1616,50.176266,8.74355
1617,55.81874000000001,-4.0247480000000015
1618,41.646473,-4.70889
1619,51.750193,-1.592711
1620,40.40208,17.282746
1621,36.83345300000001,-2.458998
1622,53.09211,-0.7892680000000001
1623,53.076258,-0.7946949999999999
1624,52.658113,1.272065
1625,52.585253,1.368203
1626,52.658253,1.271986
1627,51.46655300000001,6.64083
1628,51.46634,6.6409850000000015
1629,45.68472,9.824116
1630,48.067446,8.492086
1631,48.059306,8.481621
1632,48.067206,8.494053
1633,48.062393,8.448128
1634,48.06124000000001,8.442418
1635,53.555453,-0.079726
1636,45.30442,8.43802
1637,45.3263,8.424230999999999
1638,45.306153,8.44529
1639,40.406686,-3.627675
1640,51.080913,-0.8014359999999999
1641,51.08716,-0.72458
1642,48.741413,2.427678
1643,43.722846,10.801825
1644,43.650306,10.744543
1645,38.71408,0.04569
1646,39.477586,-0.421663
1647,42.353833,-3.681665
1648,42.35748,-3.672491
1649,42.3346,-3.710093
1650,42.335533,-3.71541
1651,42.335833,-3.711916
1652,42.338833,-3.703093
1653,42.339666,-3.699213
1654,50.414626,-3.578661
1655,50.49634,-3.535016
1656,50.570306,-3.656846
1657,48.895773,8.468541
1658,48.895553,8.468801
1659,48.896386,8.46795
1660,48.895726,8.468513
1661,51.680893,-1.668625
1662,51.571913,-1.743513
1663,45.704935,13.856335
1664,51.294133,1.10321
1665,50.388673,-4.041821
1666,41.442666,2.198405
1667,55.503246,-4.620461
1668,53.481106,-1.012153
1669,55.586066,-4.503828
1670,52.97670600000001,-0.031286
1671,53.41342,-2.314033
1672,53.41404,-2.314485
1673,53.406886,-2.3518950000000003
1674,43.658773,3.901476
1675,43.659206,4.004745
1676,43.658373,3.901705
1677,43.659006,4.0047
1678,43.658473,3.901461
1679,37.334353,-5.926703
1680,41.510053000000006,12.85559
1681,41.47112,12.906506
1682,41.469113,12.633115
1683,51.146053,12.358148
1684,49.284,8.214513
1685,51.417666,-0.776108
1686,51.417686,-0.7746109999999999
1687,51.5302,-0.194485
1688,51.585553,-0.225606
1689,52.536173,13.817081
1690,52.532526,13.51388
1691,52.56338,13.72434
1692,52.49634,13.745207999999998
1693,49.431733,8.527283
1694,53.35944,-2.285013
1695,53.359613,-2.285585
1696,53.33090600000001,-2.24893
1697,53.27285300000001,-2.119556
1698,50.73104,12.74934
1699,41.494845,2.152066
1700,41.503706,2.15561
1701,47.49004,6.930625999999998
1702,51.796286,12.967056
1703,53.79238,-2.244423
1704,53.861353,-2.170543
1705,53.793393,-2.24363
1706,41.65558,-0.909376
1707,41.681646,-0.8763280000000001
1708,50.020193,8.224536
1709,50.026213,8.226094999999999
1710,50.026153,8.230001
1711,50.024186,8.232266000000001
1712,37.195626,-3.613826
1713,51.371093,7.710396
1714,40.415966,-3.65964
1715,40.4875,-3.664991000000001
1716,48.70546,2.48925
1717,48.705133,2.489628
1718,48.70554,2.48919
1719,48.5345,7.922478
1720,48.566653,7.868289999999999
1721,48.566453,7.869110000000001
1722,48.600346,7.814906
1723,43.07895300000001,-3.069475
1724,43.14986,-3.027985
1725,43.147266,-2.969358
1726,43.105453,-2.996481
1727,43.09914600000001,-2.99858
1728,43.24958,-2.934375
1729,43.099333,-2.998645
1730,43.10543300000001,-2.99645
1731,43.10512,-2.996808
1732,43.101326,-2.996601
1733,43.105186,-2.997173
1734,43.105353,-2.99676
1735,52.47881999999999,-2.038976
1736,43.54085300000001,-5.7075
1737,43.540346,-5.70584
1738,43.53364000000001,-5.672221
1739,45.534586,9.369683
1740,44.72856,10.117565
1741,44.740526,10.138931
1742,48.7135,9.630166
1743,45.506926,10.50758
1744,40.28806,-3.807033
1745,48.784153,2.3456930000000003
1746,48.784153,2.345288
1747,51.641491,0.611731
1748,51.674758,0.3917
1749,51.64094,0.623325
1750,51.640673,0.61195
1751,41.673613,-0.8705299999999999
1752,41.67338,-0.870423
1753,48.751773,2.3700650000000003
1754,48.78202,2.34715
1755,48.762786,2.344121
1756,48.751693,2.369585
1757,48.73662,2.369875
1758,40.47434000000001,-3.686613
1759,41.612411,0.613985
1760,41.5371,0.92905
1761,41.61684,0.682126
1762,37.355586,-6.026973
1763,45.525986,11.448666
1764,45.508653,11.511228
1765,45.507366,11.510931
1766,45.525613,11.449585
1767,45.525613,11.449345
1768,45.508486,11.511348
1769,45.69276,9.613773
1770,45.674926,9.672538
1771,50.605606,3.026923
1772,50.491966,2.968471
1773,41.552146,2.097643
1774,52.19784600000001,-1.487738
1775,52.432626,-1.770771
1776,51.773813,6.13441
1777,45.757293,4.781446
1778,45.74568,4.863651
1779,45.730013,4.8379059999999985
1780,50.369273,-4.15965
1781,50.36786,-4.15537
1782,50.3964,-4.180403
1783,48.483346,9.22465
1784,48.703805,9.348626
1785,48.511486,9.080983
1786,48.702766,9.438965
1787,51.450766,-0.9419
1788,52.45995300000001,0.301643
1789,51.45078,-0.94156
1790,51.450966,-0.941321
1791,48.56825300000001,2.6150450000000003
1792,48.563013,2.606061
1793,51.653566,6.607205
1794,49.630646,12.14867
1795,49.59806,12.126753
1796,49.663506,12.148901
1797,37.107253,-3.647033
1798,37.107233,-3.64698
1799,54.96202,-1.481998
1800,45.75244,13.840726
1801,48.97313,3.312991
1802,49.03131,3.376465
1803,48.972973,3.3140660000000004
1804,49.03462,3.387528
1805,48.973013,3.314046
1806,48.973,3.314108
1807,48.97302,3.314135
1808,48.973126,3.313138
1809,48.973033,3.314083
1810,48.972973,3.314048
1811,48.973006,3.313913
1812,49.03498,3.387646
1813,48.964206,3.323545
1814,50.22606,8.572713
1815,50.22624,8.57266
1816,48.987826,2.273865
1817,49.00462,2.251255
1818,48.97152,2.309226
1819,48.999893,2.18867
1820,48.98686,2.2747
1821,48.985386,2.274538
1822,48.988346,2.247033
1823,51.66342,6.657400999999999
1824,51.59892,6.685631
1825,51.663453,6.65717
1826,51.402606,6.724106
1827,51.510733,6.935785000000001
1828,51.399853,6.714492999999999
1829,51.523093,6.93018
1830,51.303106,7.09802
1831,51.36674,6.779773
1832,54.139853,10.819253
1833,50.939346,6.996903
1834,51.40264000000001,6.724065
1835,41.1889,1.5912
1836,41.18924000000001,1.585148
1837,54.53632,-1.218026
1838,45.763433,4.84969
1839,43.495733,-1.494015
1840,43.900251,4.817385
1841,41.525413,2.429238
1842,52.539786,-0.258908
1843,52.55036,13.597233
1844,51.547786,6.587586
1845,51.281453000000006,7.265905
1846,51.75022,-2.243343
1847,51.745673,-2.215051
1848,51.405788,7.227767999999998
1849,41.601286,2.290496
1850,41.4934,2.155036
1851,43.09764600000001,12.387626
1852,43.096196,12.397923
1853,43.108676,12.364976
1854,43.10644600000001,12.377448
1855,42.76994000000001,12.862851
1856,41.168615,1.139118
1857,41.115073,1.253931
1858,41.12156,1.247978
1859,40.329933,-3.880366
1860,40.349606,-3.8487
1861,41.583973,2.187978
1862,41.30928,2.06638
1863,41.317233,2.074853
1864,41.315993,2.0739
1865,41.31732,2.074943
1866,40.479973,-3.398275
1867,40.441613,-3.5017080000000003
1868,40.473206,-3.481008
1869,40.4445,-3.496225
1870,40.44448,-3.495913
1871,40.592793,-3.23985
1872,40.51308,-3.677035
1873,40.444546,-3.4963580000000003
1874,40.444106,-3.495503
1875,40.59274600000001,-3.239866
1876,40.44184,-3.50165
1877,40.444633,-3.49596
1878,40.4418,-3.501605
1879,40.505346,-3.327858
1880,40.443993,-3.49646
1881,48.966208,2.8674310000000003
1882,48.97714000000001,2.87007
1883,38.469073,-0.795388
1884,38.451106,-0.806315
1885,41.567406,2.230023
1886,41.55928,2.230783
1887,41.613166,2.290088
1888,41.567893,2.228915
1889,47.574526,7.77009
1890,47.650133,7.801178
1891,47.599586,7.915019999999998
1892,47.565113,7.778663000000001
1893,47.57434,7.799360000000001
1894,47.574486,7.799067999999999
1895,47.650266,7.80064
1896,47.57634,7.797445
1897,47.64994,7.8036910000000015
1898,47.650333,7.80117
1899,42.228726,-2.051225
1900,51.396926,7.4707
1901,51.385953,7.490660000000001
1902,51.397673,7.470371000000001
1903,37.1682,-3.609546
1904,54.869313,-1.7006279999999998
1905,54.78828000000001,-1.593298
1906,54.851986,-1.706806
1907,50.083633,-5.261061
1908,39.975373,-0.048988
1909,40.162253,-0.016118
1910,40.162133,-0.015916
1911,40.162106,-0.015868
1912,40.059706,-0.137795
1913,40.795606,16.931728
1914,51.239393,6.708513000000001
1915,51.19708,6.772141
1916,51.240606,6.707646
1917,50.123106,8.741446
1918,50.116386,8.727993
1919,49.886533,8.402598
1920,49.886353,8.402718
1921,50.116333,8.729566
1922,50.11664,8.729603
1923,50.116533,8.727715
1924,49.886646,8.402958
1925,49.979606,8.055011
1926,50.11622,8.728048
1927,41.569833,2.013936
1928,41.53308,2.096628
1929,41.658033,1.858911
1930,41.56916,2.021201
1931,50.426393,-4.110778
1932,50.432956,-4.111096
1933,41.600773,-4.713053
1934,45.902546,8.416385
1935,45.9333,8.436618
1936,45.90272,8.418188
1937,45.910066,8.418535
1938,45.956593,8.585221
1939,45.95386,8.530431
1940,41.500986,2.038185
1941,41.532693,2.035023
1942,41.499793,2.038313
1943,41.686553,1.835183
1944,41.44808,2.049535
1945,41.491926,2.0190900000000003
1946,47.636733,7.979168
1947,47.626286,7.961246000000001
1948,47.647466,8.011578
1949,47.636873,7.978217999999999
1950,53.504893,10.184665
1951,48.844546,2.208723
1952,48.8447,2.209971
1953,51.763093,14.351951
1954,51.76308,14.352011
1955,50.89608,13.332204999999998
1956,50.426921,3.001803
1957,50.421373,-3.580153
1958,50.482813,-3.549126
1959,49.839993,8.227005
1960,41.578,2.011591
1961,50.73662,12.741811
1962,40.19128,-3.67452
1963,51.355973,6.7840050000000005
1964,51.35548,6.784081
1965,51.3559,6.784071000000001
1966,51.355933,6.78422
1967,51.355966,6.784178
1968,51.355766,6.78412
1969,51.355886,6.783958
1970,51.3559,6.78403
1971,51.356,6.784146000000002
1972,51.3559,6.783853
1973,51.355813,6.784138
1974,51.356006,6.784335
1975,52.58939300000001,-0.224321
1976,52.5879,-0.2128
1977,52.57558,-0.222396
1978,52.573793,-0.216223
1979,52.57873299999999,-0.205261
1980,40.389016,-3.700253
1981,41.47381,2.02599
1982,41.617786,2.1225
1983,41.475986,2.0262830000000003
1984,41.484626,2.030031
1985,51.82326,-0.816605
1986,48.10398,-1.50854
1987,48.25884600000001,-1.41045
1988,51.634686,0.354181
1989,51.508826,0.282923
1990,51.5084,0.282116
1991,51.479033,0.32208600000000004
1992,51.72318,0.477733
1993,51.628606,0.349433
1994,51.62836,0.350143
1995,51.635093,0.354686
1996,48.714586,2.489645
1997,48.709673,2.491185
1998,41.545206,2.0922650000000003
1999,41.54522,2.092275
2000,41.52098,2.123961
2001,41.545273,2.0922560000000003
2002,36.4921,-4.986168
2003,51.60766,-1.265343
2004,51.344306,-1.338665
2005,42.837973,-2.6995400000000003
2006,43.204806,-2.4458580000000003
2007,43.034673,-2.414888
2008,43.190526,-2.450761
2009,43.19216,-2.433473
2010,41.390546,1.938125
2011,41.384366,2.154718
2012,45.665426,9.560238
2013,45.666013,9.55947
2014,45.665833,9.560078
2015,45.59798,9.600598
2016,45.59473300000001,9.601515
2017,45.669033,9.637803
2018,45.598353,9.600366
2019,45.70782,9.553085
2020,40.422926,-3.668486
2021,40.40672,-3.670635
2022,40.401113,-3.70679
2023,43.30008,-1.997618
2024,42.551073,11.996751
2025,42.41346,12.12445
2026,42.418293,12.2297
2027,42.470726,12.204698
2028,51.536946,0.049313
2029,49.197273,7.6036160000000015
2030,51.459873,-2.13495
2031,51.44792,-2.0066330000000003
2032,51.448773,-2.144035
2033,50.39056,-4.086785
2034,50.414086,-4.168456
2035,50.414746,-4.171278
2036,55.138746,-1.571483
2037,55.03618,-1.568941
2038,50.89834000000001,6.682173
2039,50.795473,6.911998
2040,50.830286,6.900225
2041,50.84418,6.905136
2042,52.403033,13.249806
2043,52.39664000000001,13.239925
2044,52.370086,13.135865
2045,52.430726,13.269056
2046,52.414206,13.251666
2047,52.414373,13.251795
2048,52.414333,13.251748
2049,54.609966,-1.2857
2050,54.623773,-1.299351
2051,54.560766,-1.359478
2052,53.59264,11.42726
2053,53.601266,11.372905
2054,53.639126,11.397535
2055,53.60120600000001,11.373103
2056,50.79208,0.012083
2057,50.792033,0.01182
2058,50.792046,0.012233
2059,50.792033,0.011996
2060,38.38254000000001,-0.767055
2061,41.56862,2.026346
2062,41.551213,2.098733
2063,41.55782,2.030583
2064,41.52132,2.122983
2065,41.554133,1.99994
2066,41.547686,2.032426
2067,41.579213,2.000856
2068,50.885413,6.959105
2069,50.8136,6.982456
2070,50.818413,6.9881449999999985
2071,50.813613,6.982848
2072,50.81364600000001,6.983136
2073,50.8134,6.982821
2074,50.963713,11.322173
2075,51.11684,-0.182063
2076,54.738286,-1.465
2077,54.7384,-1.46565
2078,51.456446,6.9594179999999985
2079,51.455866,6.958655
2080,51.4563,6.95932
2081,49.546313,8.636725
2082,49.493506,8.411873
2083,49.546286,8.6372
2084,49.629486,8.754025
2085,49.546533,8.636401
2086,49.54628,8.636631
2087,49.546053,8.636455
2088,49.861073,7.335785
2089,40.356366,-3.85607
2090,40.468513,-3.447655
2091,40.428093,-3.689361
2092,40.466753,-3.462326
2093,40.41902,-3.667545
2094,43.315473,-0.361
2095,51.8421,6.63225
2096,51.855626,6.628985000000001
